date,"Net productivity output per hour","Total compensation per hour"
1948-01-01,100,100
1948-04-01,101.21395710790092,100.75097564555549
1948-07-01,100.76385894365724,100.84057385234036
1948-10-01,102.72504384429068,103.08779657109147
1949-01-01,102.19413811944489,105.37368939372725
1949-04-01,101.33196800516546,106.62293886118444
1949-07-01,104.74789457887704,109.02966258464176
1949-10-01,104.73628547086216,110.3143886800077
1950-01-01,108.872155308683,111.81445281746603
1950-04-01,110.12928091380006,112.38423163320708
1950-07-01,112.14188512840197,111.66837478279623
1950-10-01,112.86237052383947,112.1040240017954
1951-01-01,111.52776174120967,110.15571185313362
1951-04-01,111.58379358508952,111.1914964463638
1951-07-01,114.36509511900022,113.49124524120008
1951-10-01,114.25757568348676,113.7394597598202
1952-01-01,114.30733808295564,114.35721373460514
1952-04-01,114.9463842947767,115.77647396590235
1952-07-01,115.27207557473074,115.7935852386612
1952-10-01,117.49156013569488,117.32861529295884
1953-01-01,119.9367518464225,119.64082892865208
1953-04-01,120.4502592088838,120.63105637141176
1953-07-01,120.1973162568065,121.77651617239928
1953-10-01,119.66331995145345,122.62072245425232
1954-01-01,120.27650778721706,123.66088866432598
1954-04-01,121.75086150990296,124.4510124993322
1954-07-01,123.69363325139182,125.28672715341575
1954-10-01,126.7871041748433,127.78721843262998
1955-01-01,128.81504455287322,128.4303538861827
1955-04-01,131.2288584298956,130.22808058470835
1955-07-01,131.3382346851263,130.6381615945732
1955-10-01,131.79618645136608,132.3079025998474
1956-01-01,132.4245252538091,134.1783417964466
1956-04-01,132.27598409292085,134.46198715837227
1956-07-01,132.32396296188492,134.84074105239532
1956-10-01,134.33390792152974,135.82113085089426
1957-01-01,135.8577405850478,136.41060689993708
1957-04-01,136.0342023736544,137.53612568205693
1957-07-01,136.36243498783998,137.8723411590036
1957-10-01,136.54462729098034,138.4981998157744
1958-01-01,135.0019557923825,137.53666327579066
1958-04-01,136.2693552195122,137.98766672489197
1958-07-01,139.6113565118473,138.79773480391492
1958-10-01,141.85666629348214,140.0429476035281
1959-01-01,143.43379463975256,141.98330606527216
1959-04-01,144.2149268342315,142.98741471478286
1959-07-01,144.51529558228756,142.83262599421323
1959-10-01,144.4680624270442,143.32915195078365
1960-01-01,148.03672331768917,144.33333735035978
1960-04-01,145.9028177429347,145.59053044481865
1960-07-01,146.1923960169742,146.20533756166668
1960-10-01,144.92611412808802,146.4791247801427
1961-01-01,146.55280773573705,147.58190323204406
1961-04-01,151.10268131389418,148.42771972375868
1961-07-01,152.7619526038104,148.51763069579508
1961-10-01,153.8316024607524,149.08686517675918
1962-01-01,155.6628667557317,151.00270340738484
1962-04-01,155.55467252236883,151.59030672596623
1962-07-01,157.42796712462052,152.28427860187855
1962-10-01,158.92676929082938,153.3232853723792
1963-01-01,160.67739669231278,154.73996188770158
1963-04-01,161.79341031063365,155.77918778079697
1963-07-01,163.8101206874909,155.3494929780185
1963-10-01,165.44703495580308,157.15163602469505
1964-01-01,167.44873015463276,158.03060589807163
1964-04-01,167.0138522066419,158.5772474610712
1964-07-01,169.59135493107925,160.2829750820997
1964-10-01,168.7136536136847,160.44717035746322
1965-01-01,171.08879203827036,161.56845954375376
1965-04-01,171.37986612541633,162.35887133039088
1965-07-01,175.04930554976812,163.13972646410042
1965-10-01,178.51266030996027,164.7729083927553
1966-01-01,179.33982356602183,165.07484251411532
1966-04-01,178.15189453251125,165.3680765436306
1966-07-01,178.68481973851638,165.6038619611884
1966-10-01,179.4004542704722,165.67574269373046
1967-01-01,180.08133017962132,166.7907356460858
1967-04-01,181.6981780041239,168.48069902697262
1967-07-01,181.54949289303616,168.6755248699381
1967-10-01,182.33882380421576,169.2200360553312
1968-01-01,186.3407972809476,170.6036656730439
1968-04-01,187.58553555061977,171.06941352695472
1968-07-01,187.88803167326776,172.22460533516056
1968-10-01,187.97001744647432,172.8702415940948
1969-01-01,189.7391410439316,175.06091738099462
1969-04-01,188.786129880054,175.14811164798098
1969-07-01,190.36467513172175,176.1928275966871
1969-10-01,189.62204066895796,177.17776781760236
1970-01-01,190.1233509121642,176.40903806925556
1970-04-01,191.93999052340268,176.8454345239021
1970-07-01,195.3011105823355,178.55041631520123
1970-10-01,193.8959281950345,178.87423946462283
1971-01-01,200.01734023484343,181.10317819963643
1971-04-01,200.8123793468046,182.10522505364432
1971-07-01,203.21770811801952,183.4928000723327
1971-10-01,202.581009164812,184.92945990512376
1972-01-01,204.66025749907465,189.5699665352947
1972-04-01,209.24365657487152,191.64949337545872
1972-07-01,211.0232819392856,193.1461601011996
1972-10-01,213.65867891654335,193.87383152944616
1973-01-01,214.76447521157107,193.77264093525477
1973-04-01,213.82283009731157,192.07861704076333
1973-07-01,211.3774737283335,191.6482879632356
1973-10-01,211.77879879622208,189.9254510791364
1974-01-01,207.31254984878785,188.10403963592972
1974-04-01,207.7754718063076,187.6416858262864
1974-07-01,205.96942958318013,187.49238243876604
1974-10-01,207.0288212516816,186.58957663565025
1975-01-01,209.25746705082577,186.92760163323584
1975-04-01,212.2094119255145,187.50054146908576
1975-07-01,214.29584496637665,186.88687942211567
1975-10-01,214.72790341581253,186.64455787481455
1976-01-01,216.5565892695321,187.3208081611035
1976-04-01,218.0937992616932,188.7438335665768
1976-07-01,218.1013118792231,189.92894628285092
1976-10-01,218.61159441911505,190.70871983549125
1977-01-01,219.37090572161023,191.47459540262213
1977-04-01,218.6278050943799,191.75761730917716
1977-07-01,221.08987602162804,193.09565020945644
1977-10-01,220.30105282072591,193.49936306688969
1978-01-01,219.5406311651872,195.029283671864
1978-04-01,222.6683323030251,194.977198386702
1978-07-01,222.51115926252825,194.84911164825812
1978-10-01,224.011276229592,195.4189403726312
1979-01-01,221.6777704103864,195.1042854165065
1979-04-01,220.6687592351934,192.9830021013356
1979-07-01,218.9276433180707,192.22752845540532
1979-10-01,216.84015731925336,190.6720692069789
1980-01-01,215.70885888187115,188.28956999384496
1980-04-01,212.90641668472,188.21208922715033
1980-07-01,212.7709729769029,187.85907928728713
1980-10-01,214.72856753213264,187.66090602479576
1981-01-01,217.90607101070245,186.76090295344488
1981-04-01,216.7967519183407,187.2873835849363
1981-07-01,219.1845329569947,187.15843291518365
1981-10-01,215.97209887805352,186.47213766872216
1982-01-01,215.423991954277,187.28990555915328
1982-04-01,215.13366011967983,187.82676763220263
1982-07-01,214.88395982132224,187.50458173669304
1982-10-01,215.91991204398843,187.0556525499712
1983-01-01,218.7328121419368,189.19027707471216
1983-04-01,221.69224073153825,188.9380174733149
1983-07-01,223.03100327409072,188.57931164352172
1983-10-01,225.20384573761953,188.48257230819848
1984-01-01,225.46312525736937,188.00384087366655
1984-04-01,226.92609853001704,187.66149504526172
1984-07-01,228.207897327458,187.5895711918782
1984-10-01,228.6937224712449,187.41685325457385
1985-01-01,229.90879028472847,187.22252914511824
1985-04-01,229.94741869065413,187.2940136829749
1985-07-01,232.54412226067208,187.55286632784163
1985-10-01,232.2874222144532,187.21384294483667
1986-01-01,234.16722638706244,187.4254758582616
1986-04-01,237.11226579596897,189.402386419845
1986-07-01,237.8994680676077,189.3638248525526
1986-10-01,236.6873046962792,189.3001173885567
1987-01-01,234.47149545846025,187.83314778774317
1987-04-01,235.1652073574567,187.00238508170935
1987-07-01,235.05098951747425,186.36260332407352
1987-10-01,236.98906666851863,186.39506516297345
1988-01-01,237.6358183771784,186.31950028211955
1988-04-01,237.98856688194587,186.3576348970204
1988-07-01,239.00122703464297,186.07086098966775
1988-10-01,239.55991074224153,186.65370503493972
1989-01-01,239.70454297468584,186.8010426705035
1989-04-01,239.82172360516216,186.0319821786984
1989-07-01,240.79706047982904,186.60261757887776
1989-10-01,240.3722443567117,187.13907519986688
1990-01-01,241.56893626356936,186.7645221625519
1990-04-01,243.5011851434079,186.581204567138
1990-07-01,241.74027308244217,184.8744149725112
1990-10-01,237.72308252897636,183.81432258852368
1991-01-01,238.907250539041,184.51972685177736
1991-04-01,242.68454891960184,185.68122987187735
1991-07-01,244.2991663002823,186.2282946991284
1991-10-01,245.13534122053107,186.37570371889367
1992-01-01,248.97811062391173,186.65825313387316
1992-04-01,250.93904250264524,187.41138958178465
1992-07-01,253.4561709650904,187.7236404231471
1992-10-01,254.6161514101007,186.96118126747575
1993-01-01,253.4032099488811,188.3125662412119
1993-04-01,252.01227052533145,187.52084022365003
1993-07-01,252.76771120268216,187.6876407765491
1993-10-01,254.48358528972852,187.82726741117827
1994-01-01,255.5711572454443,188.80025637948444
1994-04-01,255.12561015668115,188.23275391265355
1994-07-01,253.835725036767,188.01192932831313
1994-10-01,256.2948501219593,188.17919819929588
1995-01-01,254.95757656317147,187.5139116952572
1995-04-01,254.99884285280228,187.18877509539155
1995-07-01,254.97631148921388,187.5166413214639
1995-10-01,256.7904155271837,187.82072108751495
1996-01-01,258.3385789738517,187.63931976888747
1996-04-01,259.1232269938585,187.54560746225565
1996-07-01,258.97050110204447,188.08706535169887
1996-10-01,258.88706862169784,187.873550235401
1997-01-01,259.3231532563427,188.2609997292858
1997-04-01,262.2221034389474,189.3584917346751
1997-07-01,264.44510406231683,190.4206455988667
1997-10-01,264.8742295133702,191.5549980100672
1998-01-01,265.67723924783525,192.92886665973455
1998-04-01,266.3425291055145,194.3044484096969
1998-07-01,269.494551008863,194.96812478492393
1998-10-01,270.8518324528357,195.78011977608233
1999-01-01,273.799549086877,196.93510403768352
1999-04-01,272.36883347486037,197.1978414213765
1999-07-01,273.76432593019587,197.72702068319637
1999-10-01,276.290163534633,197.9599466997486
2000-01-01,273.2171129816271,196.9416239935401
2000-04-01,277.8841827350887,198.08013617354072
2000-07-01,277.799203798722,198.42755465446143
2000-10-01,280.7101217494939,199.95879969796576
2001-01-01,278.40323701725424,200.43131989619792
2001-04-01,281.7323975813091,201.60068225029175
2001-07-01,282.2244291558578,202.85645566595176
2001-10-01,285.7723537340674,205.04729142667557
2002-01-01,290.69051977418565,206.25869000895696
2002-04-01,290.49185326691685,206.3211373776915
2002-07-01,291.9988193938742,207.50577465466495
2002-10-01,292.4073815576887,209.1247152084674
2003-01-01,294.18241424877,209.2037976054408
2003-04-01,299.92380664938054,210.5833515702459
2003-07-01,303.98872399750877,210.35326025789155
2003-10-01,307.26587990996654,210.03090669031644
2004-01-01,307.2933624034796,210.00976082895605
2004-04-01,309.85658814096985,209.82587484347977
2004-07-01,311.5645941575286,209.95579164200512
2004-10-01,312.82692212116547,209.28347070990668
2005-01-01,316.1743126779215,210.23539655904625
2005-04-01,316.71439812212475,210.54021726098375
2005-07-01,315.94933988924373,209.0513954428526
2005-10-01,316.675283711577,209.03532940003183
2006-01-01,319.1444341788309,209.56636831208297
2006-04-01,318.37783461547195,210.092410018051
2006-07-01,316.58661775269275,210.0031139663813
2006-10-01,319.8311195454212,212.6415467989172
2007-01-01,321.4325958204723,212.45716107697183
2007-04-01,321.2899162666404,212.92628792045025
2007-07-01,323.1878802749407,213.6791210903771
2007-10-01,322.7120163546327,212.7023490574888
2008-01-01,319.23151784122643,212.64748194977383
2008-04-01,319.289866485601,212.17695324785413
2008-07-01,316.87233115040215,210.9554375751577
2008-10-01,321.90190229194286,217.5712995772132
2009-01-01,327.36693565876254,222.39455351832592
2009-04-01,331.068774597306,222.48926609539015
2009-07-01,333.71555703246895,222.080304533475
2009-10-01,337.06981442928674,222.09877592584695
2010-01-01,338.66991420557696,224.01127837012348
2010-04-01,340.5925493474558,224.8870277721787
2010-07-01,344.60142512134496,225.22320993008643
2010-10-01,344.7014532037706,224.8336065328414
2011-01-01,340.96008386301486,223.6738499827183
2011-04-01,339.11950241505775,222.11007716039185
2011-07-01,338.15021859938156,221.28461724917057
2011-10-01,338.5781966638356,221.4307844264181
2012-01-01,340.1017728621053,219.891477059608
2012-04-01,341.921553629385,220.44573868671077
2012-07-01,339.87410169242037,220.56159356645284
2012-10-01,339.56293100537584,219.83876046160256
2013-01-01,342.37053963139005,221.41464313703457
2013-04-01,343.487302819032,223.09269842284976
2013-07-01,344.83373257082286,223.48810059642813
2013-10-01,347.0004621618377,223.97477401102375
2014-01-01,344.2176299775508,223.74099634514505
2014-04-01,345.9157620422332,223.54447789636689
2014-07-01,348.968946040352,223.87707609702852
2014-10-01,348.5382126452346,225.21816873390327
2015-01-01,352.14296449971374,228.05371113492723
2015-04-01,353.73548340371275,227.75479380469213
2015-07-01,354.72675978335405,228.1922997647644
2015-10-01,353.607458007161,229.88947234850792
2016-01-01,354.5722515878689,231.5086556154214
2016-04-01,354.3781548703159,231.0617221289522
2016-07-01,355.3667982395085,231.51226996336615
2016-10-01,357.8671448226953,231.42238666097415
2017-01-01,357.77885885823883,231.21936645701297
2017-04-01,357.88202863394207,232.41656658792772
2017-07-01,361.3819480201068,233.2148031746443
2017-10-01,362.68469708243384,232.77213118570356
2018-01-01,363.9837597286817,233.15037377161372
2018-04-01,364.4896910309857,234.07810594372592
2018-07-01,365.4945700551283,235.16462884299625
2018-10-01,365.245095065836,236.6754920476298
2019-01-01,367.34013697254426,237.6841446637031
2019-04-01,368.82903940815373,238.32817015650204
2019-07-01,372.13640375386234,239.6428607727222
2019-10-01,374.08280043817433,239.95732895412888
2020-01-01,373.1687441309791,241.0439032147665
2020-04-01,386.2839487181421,253.74397212883295
2020-07-01,392.7948172408176,248.2599301888178
2020-10-01,389.855526983024,248.1108632728753
2021-01-01,394.5945828093991,248.5472406377954
2021-04-01,395.97910408488974,247.498814995375
2021-07-01,395.1420819686507,247.47060408361423
2021-10-01,395.82881755500506,246.089894559623
2022-01-01,391.62057983405754,244.38977579694688
2022-04-01,389.3915535787525,242.05826511238885
2022-07-01,388.6343745377044,241.71286076406648
2022-10-01,390.53640606641966,242.6093807997379
2023-01-01,391.8247484798342,243.6358454985629
2023-04-01,393.28233161654623,245.1112141269888
2023-07-01,398.3365012330769,245.97726831128455
2023-10-01,400.3164100722626,247.2850565284344
2024-01-01,401.1198810475501,247.96995716328513
2024-04-01,403.6719093352167,248.79803101133865
2024-07-01,405.6813555683189,250.80728352675573
2024-10-01,406.5341980657547,251.441943902154
2025-01-01,404.49860681212135,251.81126553131745
2025-04-01,408.39144164891934,253.05807254601325